date	holiday_festive_day	school_holiday	pay_day	is_rug_in_Cardiff	is_rug_out_Cardiff
01/04/2014			0	0	0
02/04/2014			0	0	0
03/04/2014			0	0	0
04/04/2014			0	0	0
05/04/2014			0	0	0
06/04/2014			0	0	0
07/04/2014		Spring School Holiday	0	0	0
08/04/2014		Spring School Holiday	0	0	0
09/04/2014		Spring School Holiday	0	0	0
10/04/2014		Spring School Holiday	0	0	0
11/04/2014		Spring School Holiday	0	0	0
12/04/2014		Spring School Holiday	0	0	0
13/04/2014		Spring School Holiday	0	0	0
14/04/2014		Spring School Holiday	0	0	0
15/04/2014		Spring School Holiday	0	0	0
16/04/2014		Spring School Holiday	0	0	0
17/04/2014		Spring School Holiday	0	0	0
18/04/2014	Good Friday	Spring School Holiday	0	0	0
19/04/2014	Holy Saturday	Spring School Holiday	0	0	0
20/04/2014	Easter Sunday	Spring School Holiday	0	0	0
21/04/2014	Easter Monday	Spring School Holiday	0	0	0
22/04/2014			1	0	0
23/04/2014			1	0	0
24/04/2014			1	0	0
25/04/2014			1	0	0
26/04/2014			0	0	0
27/04/2014			0	0	0
28/04/2014			0	0	0
29/04/2014			0	0	0
30/04/2014			0	0	0
01/05/2014			0	0	0
02/05/2014			0	0	0
03/05/2014			0	0	0
04/05/2014			0	0	0
05/05/2014	Early May Bank Holiday		0	0	0
06/05/2014			0	0	0
07/05/2014			0	0	0
08/05/2014			0	0	0
09/05/2014			0	0	0
10/05/2014			0	0	0
11/05/2014			0	0	0
12/05/2014			0	0	0
13/05/2014			0	0	0
14/05/2014			0	0	0
15/05/2014			0	0	0
16/05/2014			0	0	0
17/05/2014			0	0	0
18/05/2014			0	0	0
19/05/2014			0	0	0
20/05/2014			0	0	0
21/05/2014			1	0	0
22/05/2014			1	0	0
23/05/2014			1	0	0
24/05/2014			0	0	0
25/05/2014			0	0	0
26/05/2014	Spring Bank Holiday	Summer Half-Term School Holiday	0	0	0
27/05/2014		Summer Half-Term School Holiday	0	0	0
28/05/2014		Summer Half-Term School Holiday	0	0	0
29/05/2014		Summer Half-Term School Holiday	0	0	0
30/05/2014		Summer Half-Term School Holiday	0	0	0
31/05/2014		Summer Half-Term School Holiday	0	0	0
01/06/2014		Summer Half-Term School Holiday	0	0	0
02/06/2014			0	0	0
03/06/2014			0	0	0
04/06/2014			0	0	0
05/06/2014			0	0	0
06/06/2014			0	0	0
07/06/2014			0	0	0
08/06/2014			0	0	0
09/06/2014			0	0	0
10/06/2014			0	0	0
11/06/2014			0	0	0
12/06/2014			0	0	0
13/06/2014			0	0	0
14/06/2014			0	0	0
15/06/2014	Father's Day		0	0	0
16/06/2014			0	0	0
17/06/2014			0	0	0
18/06/2014			0	0	0
19/06/2014			0	0	0
20/06/2014			0	0	0
21/06/2014			0	0	0
22/06/2014			0	0	0
23/06/2014			1	0	0
24/06/2014			1	0	0
25/06/2014			1	0	0
26/06/2014			1	0	0
27/06/2014			0	0	0
28/06/2014			0	0	0
29/06/2014			0	0	0
30/06/2014			0	0	0
01/07/2014			0	0	0
02/07/2014			0	0	0
03/07/2014			0	0	0
04/07/2014			0	0	0
05/07/2014			0	0	0
06/07/2014			0	0	0
07/07/2014			0	0	0
08/07/2014			0	0	0
09/07/2014			0	0	0
10/07/2014			0	0	0
11/07/2014			0	0	0
12/07/2014			0	0	0
13/07/2014			0	0	0
14/07/2014			0	0	0
15/07/2014			0	0	0
16/07/2014			0	0	0
17/07/2014			0	0	0
18/07/2014			0	0	0
19/07/2014			0	0	0
20/07/2014			0	0	0
21/07/2014			1	0	0
22/07/2014		Summer School Holiday	1	0	0
23/07/2014		Summer School Holiday	1	0	0
24/07/2014		Summer School Holiday	1	0	0
25/07/2014		Summer School Holiday	1	0	0
26/07/2014		Summer School Holiday	0	0	0
27/07/2014		Summer School Holiday	0	0	0
28/07/2014	Eid Al-Fitr 	Summer School Holiday	0	0	0
29/07/2014		Summer School Holiday	0	0	0
30/07/2014		Summer School Holiday	0	0	0
31/07/2014		Summer School Holiday	0	0	0
01/08/2014		Summer School Holiday	0	0	0
02/08/2014		Summer School Holiday	0	0	0
03/08/2014		Summer School Holiday	0	0	0
04/08/2014		Summer School Holiday	0	0	0
05/08/2014		Summer School Holiday	0	0	0
06/08/2014		Summer School Holiday	0	0	0
07/08/2014		Summer School Holiday	0	0	0
08/08/2014		Summer School Holiday	0	0	0
09/08/2014		Summer School Holiday	0	0	0
10/08/2014		Summer School Holiday	0	0	0
11/08/2014		Summer School Holiday	0	0	0
12/08/2014		Summer School Holiday	0	0	0
13/08/2014		Summer School Holiday	0	0	0
14/08/2014		Summer School Holiday	0	0	0
15/08/2014		Summer School Holiday	0	0	0
16/08/2014		Summer School Holiday	0	0	0
17/08/2014		Summer School Holiday	0	0	0
18/08/2014		Summer School Holiday	0	0	0
19/08/2014		Summer School Holiday	0	0	0
20/08/2014		Summer School Holiday	0	0	0
21/08/2014		Summer School Holiday	1	0	0
22/08/2014		Summer School Holiday	1	0	0
23/08/2014		Summer School Holiday	0	0	0
24/08/2014		Summer School Holiday	0	0	0
25/08/2014	August Bank Holiday	Summer School Holiday	0	0	0
26/08/2014		Summer School Holiday	1	0	0
27/08/2014		Summer School Holiday	0	0	0
28/08/2014		Summer School Holiday	0	0	0
29/08/2014		Summer School Holiday	0	0	0
30/08/2014		Summer School Holiday	0	0	0
31/08/2014		Summer School Holiday	0	0	0
01/09/2014			0	0	0
02/09/2014			0	0	0
03/09/2014			0	0	0
04/09/2014			0	0	0
05/09/2014			0	0	0
06/09/2014			0	0	0
07/09/2014			0	0	0
08/09/2014			0	0	0
09/09/2014			0	0	0
10/09/2014			0	0	0
11/09/2014			0	0	0
12/09/2014			0	0	0
13/09/2014			0	0	0
14/09/2014			0	0	0
15/09/2014			0	0	0
16/09/2014			0	0	0
17/09/2014			0	0	0
18/09/2014			0	0	0
19/09/2014			0	0	0
20/09/2014			0	0	0
21/09/2014			0	0	0
22/09/2014			1	0	0
23/09/2014			1	0	0
24/09/2014			1	0	0
25/09/2014			1	0	0
26/09/2014			1	0	0
27/09/2014			0	0	0
28/09/2014			0	0	0
29/09/2014			0	0	0
30/09/2014			0	0	0
01/10/2014			0	0	0
02/10/2014			0	0	0
03/10/2014			0	0	0
04/10/2014	Eid Al-Adha		0	0	0
05/10/2014			0	0	0
06/10/2014			0	0	0
07/10/2014			0	0	0
08/10/2014			0	0	0
09/10/2014			0	0	0
10/10/2014			0	0	0
11/10/2014			0	0	0
12/10/2014			0	0	0
13/10/2014			0	0	0
14/10/2014			0	0	0
15/10/2014			0	0	0
16/10/2014			0	0	0
17/10/2014			0	0	0
18/10/2014			0	0	0
19/10/2014			0	0	0
20/10/2014			0	0	0
21/10/2014			1	0	0
22/10/2014			1	0	0
23/10/2014			1	0	0
24/10/2014			1	0	0
25/10/2014			0	0	0
26/10/2014			0	0	0
27/10/2014		Autumn Half-Term School Holiday	0	0	0
28/10/2014		Autumn Half-Term School Holiday	0	0	0
29/10/2014		Autumn Half-Term School Holiday	0	0	0
30/10/2014		Autumn Half-Term School Holiday	0	0	0
31/10/2014	Halloween Day 	Autumn Half-Term School Holiday	0	0	0
01/11/2014		Autumn Half-Term School Holiday	0	0	0
02/11/2014		Autumn Half-Term School Holiday	0	0	0
03/11/2014			0	0	0
04/11/2014			0	0	0
05/11/2014	Guy Fawkes Night		0	0	0
06/11/2014			0	0	0
07/11/2014			0	0	0
08/11/2014			0	0	0
09/11/2014	Remembrance Sunday		0	0	0
10/11/2014			0	0	0
11/11/2014			0	0	0
12/11/2014			0	0	0
13/11/2014			0	0	0
14/11/2014			0	0	0
15/11/2014			0	0	0
16/11/2014			0	0	0
17/11/2014			0	0	0
18/11/2014			0	0	0
19/11/2014			0	0	0
20/11/2014			0	0	0
21/11/2014			1	0	0
22/11/2014			0	0	0
23/11/2014			0	0	0
24/11/2014			1	0	0
25/11/2014			1	0	0
26/11/2014			1	0	0
27/11/2014			0	0	0
28/11/2014	Black Friday		0	0	0
29/11/2014			0	0	0
30/11/2014			0	0	0
01/12/2014			0	0	0
02/12/2014			0	0	0
03/12/2014			0	0	0
04/12/2014			0	0	0
05/12/2014			0	0	0
06/12/2014			0	0	0
07/12/2014			0	0	0
08/12/2014			0	0	0
09/12/2014			0	0	0
10/12/2014			0	0	0
11/12/2014			0	0	0
12/12/2014			0	0	0
13/12/2014			0	0	0
14/12/2014			0	0	0
15/12/2014			0	0	0
16/12/2014			0	0	0
17/12/2014			0	0	0
18/12/2014			0	0	0
19/12/2014			0	0	0
20/12/2014			0	0	0
21/12/2014			0	0	0
22/12/2014		Winter School Holiday	1	0	0
23/12/2014		Winter School Holiday	1	0	0
24/12/2014		Winter School Holiday	1	0	0
25/12/2014	Christmas Day	Winter School Holiday	0	0	0
26/12/2014	Boxing Day	Winter School Holiday	0	0	0
27/12/2014		Winter School Holiday	0	0	0
28/12/2014		Winter School Holiday	0	0	0
29/12/2014		Winter School Holiday	0	0	0
30/12/2014		Winter School Holiday	0	0	0
31/12/2014		Winter School Holiday	0	0	0
01/01/2015	New Years Day	Winter School Holiday	0	0	0
02/01/2015		Winter School Holiday	0	0	0
03/01/2015		Winter School Holiday	0	0	0
04/01/2015		Winter School Holiday	0	0	0
05/01/2015			0	0	0
06/01/2015			0	0	0
07/01/2015			0	0	0
08/01/2015			0	0	0
09/01/2015			0	0	0
10/01/2015			0	0	0
11/01/2015			0	0	0
12/01/2015			0	0	0
13/01/2015			0	0	0
14/01/2015			0	0	0
15/01/2015			0	0	0
16/01/2015			0	0	0
17/01/2015			0	0	0
18/01/2015			0	0	0
19/01/2015			0	0	0
20/01/2015			0	0	0
21/01/2015			1	0	0
22/01/2015			1	0	0
23/01/2015			1	0	0
24/01/2015			0	0	0
25/01/2015			0	0	0
26/01/2015			1	0	0
27/01/2015			0	0	0
28/01/2015			0	0	0
29/01/2015			0	0	0
30/01/2015			0	0	0
31/01/2015			0	0	0
01/02/2015			0	0	0
02/02/2015			0	0	0
03/02/2015			0	0	0
04/02/2015			0	0	0
05/02/2015			0	0	0
06/02/2015			0	1	0
07/02/2015			0	0	0
08/02/2015			0	0	0
09/02/2015			0	0	0
10/02/2015			0	0	0
11/02/2015			0	0	0
12/02/2015			0	0	0
13/02/2015			0	0	0
14/02/2015	Valentines Day		0	0	0
15/02/2015			0	0	1
16/02/2015		Spring Half-Term School Holiday	0	0	0
17/02/2015	Pancake / Shrove Tuesday 	Spring Half-Term School Holiday	0	0	0
18/02/2015		Spring Half-Term School Holiday	0	0	0
19/02/2015	Chinese New Year 	Spring Half-Term School Holiday	0	0	0
20/02/2015		Spring Half-Term School Holiday	0	0	0
21/02/2015		Spring Half-Term School Holiday	0	0	0
22/02/2015		Spring Half-Term School Holiday	0	0	0
23/02/2015			1	0	0
24/02/2015			1	0	0
25/02/2015			1	0	0
26/02/2015			1	0	0
27/02/2015			0	0	0
28/02/2015			0	0	1
01/03/2015	St Davids Day		0	0	0
02/03/2015			0	0	0
03/03/2015			0	0	0
04/03/2015			0	0	0
05/03/2015			0	0	0
06/03/2015			0	0	0
07/03/2015			0	0	0
08/03/2015			0	0	0
09/03/2015			0	0	0
10/03/2015			0	0	0
11/03/2015			0	0	0
12/03/2015			0	0	0
13/03/2015			0	0	0
14/03/2015			0	1	0
15/03/2015	Mothering Sunday		0	0	0
16/03/2015			0	0	0
17/03/2015	St Patricks Day		0	0	0
18/03/2015			0	0	0
19/03/2015			0	0	0
20/03/2015			0	0	0
21/03/2015			0	0	1
22/03/2015			0	0	0
23/03/2015			1	0	0
24/03/2015			1	0	0
25/03/2015			1	0	0
26/03/2015			1	0	0
27/03/2015			0	0	0
28/03/2015			0	0	0
29/03/2015			0	0	0
30/03/2015		Spring School Holiday	0	0	0
31/03/2015		Spring School Holiday	0	0	0
01/04/2015		Spring School Holiday	0	0	0
02/04/2015		Spring School Holiday	0	0	0
03/04/2015	Good Friday	Spring School Holiday	0	0	0
04/04/2015	Holy Saturday	Spring School Holiday	0	0	0
05/04/2015	Easter Sunday	Spring School Holiday	0	0	0
06/04/2015	Easter Monday	Spring School Holiday	0	0	0
07/04/2015		Spring School Holiday	0	0	0
08/04/2015		Spring School Holiday	0	0	0
09/04/2015		Spring School Holiday	0	0	0
10/04/2015		Spring School Holiday	0	0	0
11/04/2015		Spring School Holiday	0	0	0
12/04/2015			0	0	0
13/04/2015			0	0	0
14/04/2015			0	0	0
15/04/2015			0	0	0
16/04/2015			0	0	0
17/04/2015			0	0	0
18/04/2015			0	0	0
19/04/2015			0	0	0
20/04/2015			0	0	0
21/04/2015			1	0	0
22/04/2015			1	0	0
23/04/2015			1	0	0
24/04/2015			1	0	0
25/04/2015			0	0	0
26/04/2015			0	0	0
27/04/2015			0	0	0
28/04/2015			0	0	0
29/04/2015			0	0	0
30/04/2015			0	0	0
01/05/2015			0	0	0
02/05/2015			0	0	0
03/05/2015			0	0	0
04/05/2015	Early May Bank Holiday		0	0	0
05/05/2015			0	0	0
06/05/2015			0	0	0
07/05/2015			0	0	0
08/05/2015			0	0	0
09/05/2015			0	0	0
10/05/2015			0	0	0
11/05/2015			0	0	0
12/05/2015			0	0	0
13/05/2015			0	0	0
14/05/2015			0	0	0
15/05/2015			0	0	0
16/05/2015			0	0	0
17/05/2015			0	0	0
18/05/2015			0	0	0
19/05/2015			0	0	0
20/05/2015			0	0	0
21/05/2015			1	0	0
22/05/2015			1	0	0
23/05/2015			0	0	0
24/05/2015			0	0	0
25/05/2015	Spring Bank Holiday	Summer Half-Term School Holiday	0	0	0
26/05/2015		Summer Half-Term School Holiday	1	0	0
27/05/2015		Summer Half-Term School Holiday	0	0	0
28/05/2015		Summer Half-Term School Holiday	0	0	0
29/05/2015		Summer Half-Term School Holiday	0	0	0
30/05/2015		Summer Half-Term School Holiday	0	0	0
31/05/2015		Summer Half-Term School Holiday	0	0	0
01/06/2015			0	0	0
02/06/2015			0	0	0
03/06/2015			0	0	0
04/06/2015			0	0	0
05/06/2015			0	0	0
06/06/2015			0	0	0
07/06/2015			0	0	0
08/06/2015			0	0	0
09/06/2015			0	0	0
10/06/2015			0	0	0
11/06/2015			0	0	0
12/06/2015			0	0	0
13/06/2015			0	0	0
14/06/2015			0	0	0
15/06/2015			0	0	0
16/06/2015			0	0	0
17/06/2015			0	0	0
18/06/2015			0	0	0
19/06/2015			0	0	0
20/06/2015			0	0	0
21/06/2015	Father's Day		0	0	0
22/06/2015			1	0	0
23/06/2015			1	0	0
24/06/2015			1	0	0
25/06/2015			1	0	0
26/06/2015			1	0	0
27/06/2015			0	0	0
28/06/2015			0	0	0
29/06/2015			0	0	0
30/06/2015			0	0	0
01/07/2015			0	0	0
02/07/2015			0	0	0
03/07/2015			0	0	0
04/07/2015			0	0	0
05/07/2015			0	0	0
06/07/2015			0	0	0
07/07/2015			0	0	0
08/07/2015			0	0	0
09/07/2015			0	0	0
10/07/2015			0	0	0
11/07/2015			0	0	0
12/07/2015			0	0	0
13/07/2015			0	0	0
14/07/2015			0	0	0
15/07/2015			0	0	0
16/07/2015			0	0	0
17/07/2015	Eid Al-Fitr		0	0	0
18/07/2015			0	0	0
19/07/2015			0	0	0
20/07/2015			0	0	0
21/07/2015		Summer School Holiday	1	0	0
22/07/2015		Summer School Holiday	1	0	0
23/07/2015		Summer School Holiday	1	0	0
24/07/2015		Summer School Holiday	1	0	0
25/07/2015		Summer School Holiday	0	0	0
26/07/2015		Summer School Holiday	0	0	0
27/07/2015		Summer School Holiday	0	0	0
28/07/2015		Summer School Holiday	0	0	0
29/07/2015		Summer School Holiday	0	0	0
30/07/2015		Summer School Holiday	0	0	0
31/07/2015		Summer School Holiday	0	0	0
01/08/2015		Summer School Holiday	0	0	0
02/08/2015		Summer School Holiday	0	0	0
03/08/2015		Summer School Holiday	0	0	0
04/08/2015		Summer School Holiday	0	0	0
05/08/2015		Summer School Holiday	0	0	0
06/08/2015		Summer School Holiday	0	0	0
07/08/2015		Summer School Holiday	0	0	0
08/08/2015		Summer School Holiday	0	0	0
09/08/2015		Summer School Holiday	0	0	0
10/08/2015		Summer School Holiday	0	0	0
11/08/2015		Summer School Holiday	0	0	0
12/08/2015		Summer School Holiday	0	0	0
13/08/2015		Summer School Holiday	0	0	0
14/08/2015		Summer School Holiday	0	0	0
15/08/2015		Summer School Holiday	0	0	0
16/08/2015		Summer School Holiday	0	0	0
17/08/2015		Summer School Holiday	0	0	0
18/08/2015		Summer School Holiday	0	0	0
19/08/2015		Summer School Holiday	0	0	0
20/08/2015		Summer School Holiday	0	0	0
21/08/2015		Summer School Holiday	1	0	0
22/08/2015		Summer School Holiday	0	0	0
23/08/2015		Summer School Holiday	0	0	0
24/08/2015		Summer School Holiday	1	0	0
25/08/2015		Summer School Holiday	1	0	0
26/08/2015		Summer School Holiday	1	0	0
27/08/2015		Summer School Holiday	0	0	0
28/08/2015		Summer School Holiday	0	0	0
29/08/2015		Summer School Holiday	0	0	0
30/08/2015		Summer School Holiday	0	0	0
31/08/2015	August Bank Holiday	Summer School Holiday	0	0	0
01/09/2015			0	0	0
02/09/2015			0	0	0
03/09/2015			0	0	0
04/09/2015			0	0	0
05/09/2015			0	0	0
06/09/2015			0	0	0
07/09/2015			0	0	0
08/09/2015			0	0	0
09/09/2015			0	0	0
10/09/2015			0	0	0
11/09/2015			0	0	0
12/09/2015			0	0	0
13/09/2015			0	0	0
14/09/2015			0	0	0
15/09/2015			0	0	0
16/09/2015			0	0	0
17/09/2015			0	0	0
18/09/2015			0	0	0
19/09/2015			0	0	0
20/09/2015			0	0	0
21/09/2015			1	0	0
22/09/2015			1	0	0
23/09/2015	Eid Al-Adha		1	0	0
24/09/2015			1	0	0
25/09/2015			1	0	0
26/09/2015			0	0	0
27/09/2015			0	0	0
28/09/2015			0	0	0
29/09/2015			0	0	0
30/09/2015			0	0	0
01/10/2015			0	0	0
02/10/2015			0	0	0
03/10/2015			0	0	0
04/10/2015			0	0	0
05/10/2015			0	0	0
06/10/2015			0	0	0
07/10/2015			0	0	0
08/10/2015			0	0	0
09/10/2015			0	0	0
10/10/2015			0	0	0
11/10/2015			0	0	0
12/10/2015			0	0	0
13/10/2015			0	0	0
14/10/2015			0	0	0
15/10/2015			0	0	0
16/10/2015			0	0	0
17/10/2015			0	0	0
18/10/2015			0	0	0
19/10/2015			0	0	0
20/10/2015			0	0	0
21/10/2015			1	0	0
22/10/2015			1	0	0
23/10/2015			1	0	0
24/10/2015			0	0	0
25/10/2015			0	0	0
26/10/2015		Autumn Half-Term School Holiday	1	0	0
27/10/2015		Autumn Half-Term School Holiday	0	0	0
28/10/2015		Autumn Half-Term School Holiday	0	0	0
29/10/2015		Autumn Half-Term School Holiday	0	0	0
30/10/2015		Autumn Half-Term School Holiday	0	0	0
31/10/2015	Halloween Day		0	0	0
01/11/2015			0	0	0
02/11/2015			0	0	0
03/11/2015			0	0	0
04/11/2015			0	0	0
05/11/2015	Guy Fawkes Night		0	0	0
06/11/2015			0	0	0
07/11/2015			0	0	0
08/11/2015	Remembrance Sunday		0	0	0
09/11/2015			0	0	0
10/11/2015			0	0	0
11/11/2015			0	0	0
12/11/2015			0	0	0
13/11/2015			0	0	0
14/11/2015			0	0	0
15/11/2015			0	0	0
16/11/2015			0	0	0
17/11/2015			0	0	0
18/11/2015			0	0	0
19/11/2015			0	0	0
20/11/2015			0	0	0
21/11/2015			0	0	0
22/11/2015			0	0	0
23/11/2015			1	0	0
24/11/2015			1	0	0
25/11/2015			1	0	0
26/11/2015			1	0	0
27/11/2015	Black Friday		0	0	0
28/11/2015			0	0	0
29/11/2015			0	0	0
30/11/2015			0	0	0
01/12/2015			0	0	0
02/12/2015			0	0	0
03/12/2015			0	0	0
04/12/2015			0	0	0
05/12/2015			0	0	0
06/12/2015			0	0	0
07/12/2015			0	0	0
08/12/2015			0	0	0
09/12/2015			0	0	0
10/12/2015			0	0	0
11/12/2015			0	0	0
12/12/2015			0	0	0
13/12/2015			0	0	0
14/12/2015			0	0	0
15/12/2015			0	0	0
16/12/2015			0	0	0
17/12/2015			0	0	0
18/12/2015			0	0	0
19/12/2015			0	0	0
20/12/2015			0	0	0
21/12/2015		Winter School Holiday	1	0	0
22/12/2015		Winter School Holiday	1	0	0
23/12/2015		Winter School Holiday	1	0	0
24/12/2015		Winter School Holiday	1	0	0
25/12/2015	Christmas Day	Winter School Holiday	0	0	0
26/12/2015	Boxing Day	Winter School Holiday	0	0	0
27/12/2015		Winter School Holiday	0	0	0
28/12/2015	subtitute for Boxing Day	Winter School Holiday	0	0	0
29/12/2015		Winter School Holiday	0	0	0
30/12/2015		Winter School Holiday	0	0	0
31/12/2015		Winter School Holiday	0	0	0
01/01/2016	New Years Day	Winter School Holiday	0	0	0
02/01/2016		Winter School Holiday	0	0	0
03/01/2016		Winter School Holiday	0	0	0
04/01/2016			0	0	0
05/01/2016			0	0	0
06/01/2016			0	0	0
07/01/2016			0	0	0
08/01/2016			0	0	0
09/01/2016			0	0	0
10/01/2016			0	0	0
11/01/2016			0	0	0
12/01/2016			0	0	0
13/01/2016			0	0	0
14/01/2016			0	0	0
15/01/2016			0	0	0
16/01/2016			0	0	0
17/01/2016			0	0	0
18/01/2016			0	0	0
19/01/2016			0	0	0
20/01/2016			0	0	0
21/01/2016			1	0	0
22/01/2016			1	0	0
23/01/2016			0	0	0
24/01/2016			0	0	0
25/01/2016			1	0	0
26/01/2016			1	0	0
27/01/2016			0	0	0
28/01/2016			0	0	0
29/01/2016			0	0	0
30/01/2016			0	0	0
31/01/2016			0	0	0
01/02/2016			0	0	0
02/02/2016			0	0	0
03/02/2016			0	0	0
04/02/2016			0	0	0
05/02/2016			0	0	0
06/02/2016			0	0	0
07/02/2016			0	0	1
08/02/2016	Chinese New Year		0	0	0
09/02/2016	Pancake / Shrove Tuesday		0	0	0
10/02/2016			0	0	0
11/02/2016			0	0	0
12/02/2016			0	0	0
13/02/2016			0	1	0
14/02/2016	Valentines Day		0	0	0
15/02/2016		Spring Half-Term School Holiday	0	0	0
16/02/2016		Spring Half-Term School Holiday	0	0	0
17/02/2016		Spring Half-Term School Holiday	0	0	0
18/02/2016		Spring Half-Term School Holiday	0	0	0
19/02/2016		Spring Half-Term School Holiday	0	0	0
20/02/2016		Spring Half-Term School Holiday	0	0	0
21/02/2016		Spring Half-Term School Holiday	0	0	0
22/02/2016			1	0	0
23/02/2016			1	0	0
24/02/2016			1	0	0
25/02/2016			1	0	0
26/02/2016			1	1	0
27/02/2016			0	0	0
28/02/2016			0	0	0
29/02/2016			0	0	0
01/03/2016	St Davids Day		0	0	0
02/03/2016			0	0	0
03/03/2016			0	0	0
04/03/2016			0	0	0
05/03/2016			0	0	0
06/03/2016	Mothering Sunday		0	0	0
07/03/2016			0	0	0
08/03/2016			0	0	0
09/03/2016			0	0	0
10/03/2016			0	0	0
11/03/2016			0	0	0
12/03/2016			0	0	1
13/03/2016			0	0	0
14/03/2016			0	0	0
15/03/2016			0	0	0
16/03/2016			0	0	0
17/03/2016	St Patricks Day		0	0	0
18/03/2016			0	0	0
19/03/2016			0	1	0
20/03/2016			0	0	0
21/03/2016			1	0	0
22/03/2016			1	0	0
23/03/2016			1	0	0
24/03/2016			1	0	0
25/03/2016	Good Friday	Spring School Holiday	0	0	0
26/03/2016	Holy Saturday	Spring School Holiday	0	0	0
27/03/2016	Easter Sunday	Spring School Holiday	0	0	0
28/03/2016	Easter Monday	Spring School Holiday	0	0	0
29/03/2016		Spring School Holiday	0	0	0
30/03/2016		Spring School Holiday	0	0	0
31/03/2016		Spring School Holiday	0	0	0
01/04/2016		Spring School Holiday	0	0	0
02/04/2016		Spring School Holiday	0	0	0
03/04/2016		Spring School Holiday	0	0	0
04/04/2016		Spring School Holiday	0	0	0
05/04/2016		Spring School Holiday	0	0	0
06/04/2016		Spring School Holiday	0	0	0
07/04/2016		Spring School Holiday	0	0	0
08/04/2016		Spring School Holiday	0	0	0
09/04/2016		Spring School Holiday	0	0	0
10/04/2016		Spring School Holiday	0	0	0
11/04/2016			0	0	0
12/04/2016			0	0	0
13/04/2016			0	0	0
14/04/2016			0	0	0
15/04/2016			0	0	0
16/04/2016			0	0	0
17/04/2016			0	0	0
18/04/2016			0	0	0
19/04/2016			0	0	0
20/04/2016			0	0	0
21/04/2016			1	0	0
22/04/2016			1	0	0
23/04/2016			0	0	0
24/04/2016			0	0	0
25/04/2016			1	0	0
26/04/2016			1	0	0
27/04/2016			0	0	0
28/04/2016			0	0	0
29/04/2016			0	0	0
30/04/2016			0	0	0
01/05/2016			0	0	0
02/05/2016	Early May Bank Holiday		0	0	0
03/05/2016			0	0	0
04/05/2016			0	0	0
05/05/2016			0	0	0
06/05/2016			0	0	0
07/05/2016			0	0	0
08/05/2016			0	0	0
09/05/2016			0	0	0
10/05/2016			0	0	0
11/05/2016			0	0	0
12/05/2016			0	0	0
13/05/2016			0	0	0
14/05/2016			0	0	0
15/05/2016			0	0	0
16/05/2016			0	0	0
17/05/2016			0	0	0
18/05/2016			0	0	0
19/05/2016			0	0	0
20/05/2016			0	0	0
21/05/2016			0	0	0
22/05/2016			0	0	0
23/05/2016			1	0	0
24/05/2016			1	0	0
25/05/2016			1	0	0
26/05/2016			1	0	0
27/05/2016			0	0	0
28/05/2016			0	0	0
29/05/2016			0	0	0
30/05/2016	Spring Bank Holiday	Summer Half-Term School Holiday	0	0	0
31/05/2016		Summer Half-Term School Holiday	0	0	0
01/06/2016		Summer Half-Term School Holiday	0	0	0
02/06/2016		Summer Half-Term School Holiday	0	0	0
03/06/2016		Summer Half-Term School Holiday	0	0	0
04/06/2016		Summer Half-Term School Holiday	0	0	0
05/06/2016		Summer Half-Term School Holiday	0	0	0
06/06/2016			0	0	0
07/06/2016			0	0	0
08/06/2016			0	0	0
09/06/2016			0	0	0
10/06/2016			0	0	0
11/06/2016			0	0	0
12/06/2016			0	0	0
13/06/2016			0	0	0
14/06/2016			0	0	0
15/06/2016			0	0	0
16/06/2016			0	0	0
17/06/2016			0	0	0
18/06/2016			0	0	0
19/06/2016	Father's Day		0	0	0
20/06/2016			0	0	0
21/06/2016			1	0	0
22/06/2016			1	0	0
23/06/2016			1	0	0
24/06/2016			1	0	0
25/06/2016			0	0	0
26/06/2016			0	0	0
27/06/2016			0	0	0
28/06/2016			0	0	0
29/06/2016			0	0	0
30/06/2016			0	0	0
01/07/2016			0	0	0
02/07/2016			0	0	0
03/07/2016			0	0	0
04/07/2016			0	0	0
05/07/2016			0	0	0
06/07/2016	Eid Al-Fitr		0	0	0
07/07/2016			0	0	0
08/07/2016			0	0	0
09/07/2016			0	0	0
10/07/2016			0	0	0
11/07/2016			0	0	0
12/07/2016			0	0	0
13/07/2016			0	0	0
14/07/2016			0	0	0
15/07/2016			0	0	0
16/07/2016			0	0	0
17/07/2016			0	0	0
18/07/2016			0	0	0
19/07/2016			0	0	0
20/07/2016			0	0	0
21/07/2016		Summer School Holiday	1	0	0
22/07/2016		Summer School Holiday	1	0	0
23/07/2016		Summer School Holiday	0	0	0
24/07/2016		Summer School Holiday	0	0	0
25/07/2016		Summer School Holiday	1	0	0
26/07/2016		Summer School Holiday	1	0	0
27/07/2016		Summer School Holiday	0	0	0
28/07/2016		Summer School Holiday	0	0	0
29/07/2016		Summer School Holiday	0	0	0
30/07/2016		Summer School Holiday	0	0	0
31/07/2016		Summer School Holiday	0	0	0
01/08/2016		Summer School Holiday	0	0	0
02/08/2016		Summer School Holiday	0	0	0
03/08/2016		Summer School Holiday	0	0	0
04/08/2016		Summer School Holiday	0	0	0
05/08/2016		Summer School Holiday	0	0	0
06/08/2016		Summer School Holiday	0	0	0
07/08/2016		Summer School Holiday	0	0	0
08/08/2016		Summer School Holiday	0	0	0
09/08/2016		Summer School Holiday	0	0	0
10/08/2016		Summer School Holiday	0	0	0
11/08/2016		Summer School Holiday	0	0	0
12/08/2016		Summer School Holiday	0	0	0
13/08/2016		Summer School Holiday	0	0	0
14/08/2016		Summer School Holiday	0	0	0
15/08/2016		Summer School Holiday	0	0	0
16/08/2016		Summer School Holiday	0	0	0
17/08/2016		Summer School Holiday	0	0	0
18/08/2016		Summer School Holiday	0	0	0
19/08/2016		Summer School Holiday	0	0	0
20/08/2016		Summer School Holiday	0	0	0
21/08/2016		Summer School Holiday	0	0	0
22/08/2016		Summer School Holiday	1	0	0
23/08/2016		Summer School Holiday	1	0	0
24/08/2016		Summer School Holiday	1	0	0
25/08/2016		Summer School Holiday	1	0	0
26/08/2016		Summer School Holiday	1	0	0
27/08/2016		Summer School Holiday	0	0	0
28/08/2016		Summer School Holiday	0	0	0
29/08/2016	August Bank Holiday	Summer School Holiday	0	0	0
30/08/2016		Summer School Holiday	0	0	0
31/08/2016		Summer School Holiday	0	0	0
01/09/2016		Summer School Holiday	0	0	0
02/09/2016		Summer School Holiday	0	0	0
03/09/2016		Summer School Holiday	0	0	0
04/09/2016		Summer School Holiday	0	0	0
05/09/2016			0	0	0
06/09/2016			0	0	0
07/09/2016			0	0	0
08/09/2016			0	0	0
09/09/2016			0	0	0
10/09/2016			0	0	0
11/09/2016			0	0	0
12/09/2016	Eid Al-Adha		0	0	0
13/09/2016			0	0	0
14/09/2016			0	0	0
15/09/2016			0	0	0
16/09/2016			0	0	0
17/09/2016			0	0	0
18/09/2016			0	0	0
19/09/2016			0	0	0
20/09/2016			0	0	0
21/09/2016			1	0	0
22/09/2016			1	0	0
23/09/2016			1	0	0
24/09/2016			0	0	0
25/09/2016			0	0	0
26/09/2016			1	0	0
27/09/2016			0	0	0
28/09/2016			0	0	0
29/09/2016			0	0	0
30/09/2016			0	0	0
01/10/2016			0	0	0
02/10/2016			0	0	0
03/10/2016			0	0	0
04/10/2016			0	0	0
05/10/2016			0	0	0
06/10/2016			0	0	0
07/10/2016			0	0	0
08/10/2016			0	0	0
09/10/2016			0	0	0
10/10/2016			0	0	0
11/10/2016			0	0	0
12/10/2016			0	0	0
13/10/2016			0	0	0
14/10/2016			0	0	0
15/10/2016			0	0	0
16/10/2016			0	0	0
17/10/2016			0	0	0
18/10/2016			0	0	0
19/10/2016			0	0	0
20/10/2016			0	0	0
21/10/2016			1	0	0
22/10/2016			0	0	0
23/10/2016			0	0	0
24/10/2016		Autumn Half-Term School Holiday	1	0	0
25/10/2016		Autumn Half-Term School Holiday	1	0	0
26/10/2016		Autumn Half-Term School Holiday	1	0	0
27/10/2016		Autumn Half-Term School Holiday	0	0	0
28/10/2016		Autumn Half-Term School Holiday	0	0	0
29/10/2016		Autumn Half-Term School Holiday	0	0	0
30/10/2016		Autumn Half-Term School Holiday	0	0	0
31/10/2016	Halloween Day		0	0	0
01/11/2016			0	0	0
02/11/2016			0	0	0
03/11/2016			0	0	0
04/11/2016			0	0	0
05/11/2016	Guy Fawkes Night		0	0	0
06/11/2016			0	0	0
07/11/2016			0	0	0
08/11/2016			0	0	0
09/11/2016			0	0	0
10/11/2016			0	0	0
11/11/2016			0	0	0
12/11/2016			0	0	0
13/11/2016	Remembrance Sunday		0	0	0
14/11/2016			0	0	0
15/11/2016			0	0	0
16/11/2016			0	0	0
17/11/2016			0	0	0
18/11/2016			0	0	0
19/11/2016			0	0	0
20/11/2016			0	0	0
21/11/2016			1	0	0
22/11/2016			1	0	0
23/11/2016			1	0	0
24/11/2016			1	0	0
25/11/2016	Black Friday		1	0	0
26/11/2016			0	0	0
27/11/2016			0	0	0
28/11/2016			0	0	0
29/11/2016			0	0	0
30/11/2016			0	0	0
01/12/2016			0	0	0
02/12/2016			0	0	0
03/12/2016			0	0	0
04/12/2016			0	0	0
05/12/2016			0	0	0
06/12/2016			0	0	0
07/12/2016			0	0	0
08/12/2016			0	0	0
09/12/2016			0	0	0
10/12/2016			0	0	0
11/12/2016			0	0	0
12/12/2016			0	0	0
13/12/2016			0	0	0
14/12/2016			0	0	0
15/12/2016			0	0	0
16/12/2016			0	0	0
17/12/2016			0	0	0
18/12/2016			0	0	0
19/12/2016		Winter School Holiday	0	0	0
20/12/2016		Winter School Holiday	0	0	0
21/12/2016		Winter School Holiday	1	0	0
22/12/2016		Winter School Holiday	1	0	0
23/12/2016		Winter School Holiday	1	0	0
24/12/2016		Winter School Holiday	0	0	0
25/12/2016	Christmas Day	Winter School Holiday	0	0	0
26/12/2016	Boxing Day	Winter School Holiday	0	0	0
27/12/2016	subtitute for Christmas Day	Winter School Holiday	0	0	0
28/12/2016		Winter School Holiday	0	0	0
29/12/2016		Winter School Holiday	0	0	0
30/12/2016		Winter School Holiday	0	0	0
31/12/2016		Winter School Holiday	0	0	0
01/01/2017	New Years Day	Winter School Holiday	0	0	0
02/01/2017	subtitute for New Years Day	Winter School Holiday	0	0	0
03/01/2017		Winter School Holiday	0	0	0
04/01/2017		Winter School Holiday	0	0	0
05/01/2017			0	0	0
06/01/2017			0	0	0
07/01/2017			0	0	0
08/01/2017			0	0	0
09/01/2017			0	0	0
10/01/2017			0	0	0
11/01/2017			0	0	0
12/01/2017			0	0	0
13/01/2017			0	0	0
14/01/2017			0	0	0
15/01/2017			0	0	0
16/01/2017			0	0	0
17/01/2017			0	0	0
18/01/2017			0	0	0
19/01/2017			0	0	0
20/01/2017			0	0	0
21/01/2017			0	0	0
22/01/2017			0	0	0
23/01/2017			1	0	0
24/01/2017			1	0	0
25/01/2017			1	0	0
26/01/2017			1	0	0
27/01/2017			0	0	0
28/01/2017	Chinese New Year		0	0	0
29/01/2017			0	0	0
30/01/2017			0	0	0
31/01/2017			0	0	0
01/02/2017			0	0	0
02/02/2017			0	0	0
03/02/2017			0	0	0
04/02/2017			0	0	0
05/02/2017			0	0	1
06/02/2017			0	0	0
07/02/2017			0	0	0
08/02/2017			0	0	0
09/02/2017			0	0	0
10/02/2017			0	0	0
11/02/2017			0	1	0
12/02/2017			0	0	0
13/02/2017		Spring Half-Term School Holiday	0	0	0
14/02/2017	Valentines Day 	Spring Half-Term School Holiday	0	0	0
15/02/2017		Spring Half-Term School Holiday	0	0	0
16/02/2017		Spring Half-Term School Holiday	0	0	0
17/02/2017		Spring Half-Term School Holiday	0	0	0
18/02/2017		Spring Half-Term School Holiday	0	0	0
19/02/2017		Spring Half-Term School Holiday	0	0	0
20/02/2017			0	0	0
21/02/2017			1	0	0
22/02/2017			1	0	0
23/02/2017			1	0	0
24/02/2017			1	0	0
25/02/2017			0	0	1
26/02/2017			0	0	0
27/02/2017			0	0	0
28/02/2017	Pancake / Shrove Tuesday		0	0	0
01/03/2017	St Davids Day		0	0	0
02/03/2017			0	0	0
03/03/2017			0	0	0
04/03/2017			0	0	0
05/03/2017			0	0	0
06/03/2017			0	0	0
07/03/2017			0	0	0
08/03/2017			0	0	0
09/03/2017			0	0	0
10/03/2017			0	1	0
11/03/2017			0	0	0
12/03/2017			0	0	0
13/03/2017			0	0	0
14/03/2017			0	0	0
15/03/2017			0	0	0
16/03/2017			0	0	0
17/03/2017	St Patricks Day		0	0	0
18/03/2017			0	0	1
19/03/2017			0	0	0
20/03/2017			0	0	0
21/03/2017			1	0	0
22/03/2017			1	0	0
23/03/2017			1	0	0
24/03/2017			1	0	0
25/03/2017			0	0	0
26/03/2017	Mothering Sunday		0	0	0
27/03/2017			0	0	0
28/03/2017			0	0	0
29/03/2017			0	0	0
30/03/2017			0	0	0
31/03/2017			0	0	0
01/04/2017			0	0	0
02/04/2017			0	0	0
03/04/2017		Spring School Holiday	0	0	0
04/04/2017		Spring School Holiday	0	0	0
05/04/2017		Spring School Holiday	0	0	0
06/04/2017		Spring School Holiday	0	0	0
07/04/2017		Spring School Holiday	0	0	0
08/04/2017		Spring School Holiday	0	0	0
09/04/2017		Spring School Holiday	0	0	0
10/04/2017		Spring School Holiday	0	0	0
11/04/2017		Spring School Holiday	0	0	0
12/04/2017		Spring School Holiday	0	0	0
13/04/2017		Spring School Holiday	0	0	0
14/04/2017	Good Friday	Spring School Holiday	0	0	0
15/04/2017	Holy Saturday	Spring School Holiday	0	0	0
16/04/2017	Easter Sunday	Spring School Holiday	0	0	0
17/04/2017	Easter Monday	Spring School Holiday	0	0	0
18/04/2017			0	0	0
19/04/2017			0	0	0
20/04/2017			0	0	0
21/04/2017			1	0	0
22/04/2017			0	0	0
23/04/2017			0	0	0
24/04/2017			1	0	0
25/04/2017			1	0	0
26/04/2017			1	0	0
27/04/2017			0	0	0
28/04/2017			0	0	0
29/04/2017			0	0	0
30/04/2017			0	0	0
01/05/2017	Early May Bank Holiday		0	0	0
02/05/2017			0	0	0
03/05/2017			0	0	0
04/05/2017			0	0	0
05/05/2017			0	0	0
06/05/2017			0	0	0
07/05/2017			0	0	0
08/05/2017			0	0	0
09/05/2017			0	0	0
10/05/2017			0	0	0
11/05/2017			0	0	0
12/05/2017			0	0	0
13/05/2017			0	0	0
14/05/2017			0	0	0
15/05/2017			0	0	0
16/05/2017			0	0	0
17/05/2017			0	0	0
18/05/2017			0	0	0
19/05/2017			0	0	0
20/05/2017			0	0	0
21/05/2017			0	0	0
22/05/2017			1	0	0
23/05/2017			1	0	0
24/05/2017			1	0	0
25/05/2017			1	0	0
26/05/2017			1	0	0
27/05/2017			0	0	0
28/05/2017			0	0	0
29/05/2017	Spring Bank Holiday	Summer Half-Term School Holiday	0	0	0
30/05/2017		Summer Half-Term School Holiday	0	0	0
31/05/2017		Summer Half-Term School Holiday	0	0	0
01/06/2017		Summer Half-Term School Holiday	0	0	0
02/06/2017		Summer Half-Term School Holiday	0	0	0
03/06/2017		Summer Half-Term School Holiday	0	0	0
04/06/2017		Summer Half-Term School Holiday	0	0	0
05/06/2017			0	0	0
06/06/2017			0	0	0
07/06/2017			0	0	0
08/06/2017			0	0	0
09/06/2017			0	0	0
10/06/2017			0	0	0
11/06/2017			0	0	0
12/06/2017			0	0	0
13/06/2017			0	0	0
14/06/2017			0	0	0
15/06/2017			0	0	0
16/06/2017			0	0	0
17/06/2017			0	0	0
18/06/2017	Father's Day		0	0	0
19/06/2017			0	0	0
20/06/2017			0	0	0
21/06/2017			1	0	0
22/06/2017			1	0	0
23/06/2017			1	0	0
24/06/2017	Eid Al-Fitr		0	0	0
25/06/2017			0	0	0
26/06/2017			1	0	0
27/06/2017			0	0	0
28/06/2017			0	0	0
29/06/2017			0	0	0
30/06/2017			0	0	0
01/07/2017			0	0	0
02/07/2017			0	0	0
03/07/2017			0	0	0
04/07/2017			0	0	0
05/07/2017			0	0	0
06/07/2017			0	0	0
07/07/2017			0	0	0
08/07/2017			0	0	0
09/07/2017			0	0	0
10/07/2017			0	0	0
11/07/2017			0	0	0
12/07/2017			0	0	0
13/07/2017			0	0	0
14/07/2017			0	0	0
15/07/2017			0	0	0
16/07/2017			0	0	0
17/07/2017			0	0	0
18/07/2017			0	0	0
19/07/2017			0	0	0
20/07/2017			0	0	0
21/07/2017			1	0	0
22/07/2017			0	0	0
23/07/2017			0	0	0
24/07/2017		Summer School Holiday	1	0	0
25/07/2017		Summer School Holiday	1	0	0
26/07/2017		Summer School Holiday	1	0	0
27/07/2017		Summer School Holiday	0	0	0
28/07/2017		Summer School Holiday	0	0	0
29/07/2017		Summer School Holiday	0	0	0
30/07/2017		Summer School Holiday	0	0	0
31/07/2017		Summer School Holiday	0	0	0
01/08/2017		Summer School Holiday	0	0	0
02/08/2017		Summer School Holiday	0	0	0
03/08/2017		Summer School Holiday	0	0	0
04/08/2017		Summer School Holiday	0	0	0
05/08/2017		Summer School Holiday	0	0	0
06/08/2017		Summer School Holiday	0	0	0
07/08/2017		Summer School Holiday	0	0	0
08/08/2017		Summer School Holiday	0	0	0
09/08/2017		Summer School Holiday	0	0	0
10/08/2017		Summer School Holiday	0	0	0
11/08/2017		Summer School Holiday	0	0	0
12/08/2017		Summer School Holiday	0	0	0
13/08/2017		Summer School Holiday	0	0	0
14/08/2017		Summer School Holiday	0	0	0
15/08/2017		Summer School Holiday	0	0	0
16/08/2017		Summer School Holiday	0	0	0
17/08/2017		Summer School Holiday	0	0	0
18/08/2017		Summer School Holiday	0	0	0
19/08/2017		Summer School Holiday	0	0	0
20/08/2017		Summer School Holiday	0	0	0
21/08/2017		Summer School Holiday	1	0	0
22/08/2017		Summer School Holiday	1	0	0
23/08/2017		Summer School Holiday	1	0	0
24/08/2017		Summer School Holiday	1	0	0
25/08/2017		Summer School Holiday	1	0	0
26/08/2017		Summer School Holiday	0	0	0
27/08/2017		Summer School Holiday	0	0	0
28/08/2017	August Bank Holiday	Summer School Holiday	0	0	0
29/08/2017		Summer School Holiday	0	0	0
30/08/2017		Summer School Holiday	0	0	0
31/08/2017	Eid Al-Adha 	Summer School Holiday	0	0	0
01/09/2017		Summer School Holiday	0	0	0
02/09/2017		Summer School Holiday	0	0	0
03/09/2017		Summer School Holiday	0	0	0
04/09/2017			0	0	0
05/09/2017			0	0	0
06/09/2017			0	0	0
07/09/2017			0	0	0
08/09/2017			0	0	0
09/09/2017			0	0	0
10/09/2017			0	0	0
11/09/2017			0	0	0
12/09/2017			0	0	0
13/09/2017			0	0	0
14/09/2017			0	0	0
15/09/2017			0	0	0
16/09/2017			0	0	0
17/09/2017			0	0	0
18/09/2017			0	0	0
19/09/2017			0	0	0
20/09/2017			0	0	0
21/09/2017			1	0	0
22/09/2017			1	0	0
23/09/2017			0	0	0
24/09/2017			0	0	0
25/09/2017			1	0	0
26/09/2017			1	0	0
27/09/2017			0	0	0
28/09/2017			0	0	0
29/09/2017			0	0	0
30/09/2017			0	0	0
01/10/2017			0	0	0
02/10/2017			0	0	0
03/10/2017			0	0	0
04/10/2017			0	0	0
05/10/2017			0	0	0
06/10/2017			0	0	0
07/10/2017			0	0	0
08/10/2017			0	0	0
09/10/2017			0	0	0
10/10/2017			0	0	0
11/10/2017			0	0	0
12/10/2017			0	0	0
13/10/2017			0	0	0
14/10/2017			0	0	0
15/10/2017			0	0	0
16/10/2017			0	0	0
17/10/2017			0	0	0
18/10/2017			0	0	0
19/10/2017			0	0	0
20/10/2017			0	0	0
21/10/2017			0	0	0
22/10/2017			0	0	0
23/10/2017			1	0	0
24/10/2017			1	0	0
25/10/2017			1	0	0
26/10/2017			1	0	0
27/10/2017			0	0	0
28/10/2017			0	0	0
29/10/2017			0	0	0
30/10/2017		Autumn Half-Term School Holiday	0	0	0
31/10/2017	Halloween Day 	Autumn Half-Term School Holiday	0	0	0
01/11/2017		Autumn Half-Term School Holiday	0	0	0
02/11/2017		Autumn Half-Term School Holiday	0	0	0
03/11/2017		Autumn Half-Term School Holiday	0	0	0
04/11/2017		Autumn Half-Term School Holiday	0	0	0
05/11/2017	Guy Fawkes Night		0	0	0
06/11/2017			0	0	0
07/11/2017			0	0	0
08/11/2017			0	0	0
09/11/2017			0	0	0
10/11/2017			0	0	0
11/11/2017			0	0	0
12/11/2017	Remembrance Sunday		0	0	0
13/11/2017			0	0	0
14/11/2017			0	0	0
15/11/2017			0	0	0
16/11/2017			0	0	0
17/11/2017			0	0	0
18/11/2017			0	0	0
19/11/2017			0	0	0
20/11/2017			0	0	0
21/11/2017			1	0	0
22/11/2017			1	0	0
23/11/2017			1	0	0
24/11/2017	Black Friday		1	0	0
25/11/2017			0	0	0
26/11/2017			0	0	0
27/11/2017			0	0	0
28/11/2017			0	0	0
29/11/2017			0	0	0
30/11/2017			0	0	0
01/12/2017			0	0	0
02/12/2017			0	0	0
03/12/2017			0	0	0
04/12/2017			0	0	0
05/12/2017			0	0	0
06/12/2017			0	0	0
07/12/2017			0	0	0
08/12/2017			0	0	0
09/12/2017			0	0	0
10/12/2017			0	0	0
11/12/2017			0	0	0
12/12/2017			0	0	0
13/12/2017			0	0	0
14/12/2017			0	0	0
15/12/2017			0	0	0
16/12/2017			0	0	0
17/12/2017			0	0	0
18/12/2017			0	0	0
19/12/2017			0	0	0
20/12/2017			0	0	0
21/12/2017			1	0	0
22/12/2017			1	0	0
23/12/2017			0	0	0
24/12/2017			0	0	0
25/12/2017	Christmas Day	Winter School Holiday	0	0	0
26/12/2017	Boxing Day	Winter School Holiday	0	0	0
27/12/2017		Winter School Holiday	0	0	0
28/12/2017		Winter School Holiday	0	0	0
29/12/2017		Winter School Holiday	0	0	0
30/12/2017		Winter School Holiday	0	0	0
31/12/2017		Winter School Holiday	0	0	0
01/01/2018	New Years Day	Winter School Holiday	0	0	0
02/01/2018		Winter School Holiday	0	0	0
03/01/2018		Winter School Holiday	0	0	0
04/01/2018		Winter School Holiday	0	0	0
05/01/2018		Winter School Holiday	0	0	0
06/01/2018			0	0	0
07/01/2018			0	0	0
08/01/2018			0	0	0
09/01/2018			0	0	0
10/01/2018			0	0	0
11/01/2018			0	0	0
12/01/2018			0	0	0
13/01/2018			0	0	0
14/01/2018			0	0	0
15/01/2018			0	0	0
16/01/2018			0	0	0
17/01/2018			0	0	0
18/01/2018			0	0	0
19/01/2018			0	0	0
20/01/2018			0	0	0
21/01/2018			0	0	0
22/01/2018			1	0	0
23/01/2018			1	0	0
24/01/2018			1	0	0
25/01/2018			1	0	0
26/01/2018			1	0	0
27/01/2018			0	0	0
28/01/2018			0	0	0
29/01/2018			0	0	0
30/01/2018			0	0	0
31/01/2018			0	0	0
01/02/2018			0	0	0
02/02/2018			0	0	0
03/02/2018			0	1	0
04/02/2018			0	0	0
05/02/2018			0	0	0
06/02/2018			0	0	0
07/02/2018			0	0	0
08/02/2018			0	0	0
09/02/2018			0	0	0
10/02/2018			0	0	1
11/02/2018			0	0	0
12/02/2018			0	0	0
13/02/2018	Pancake / Shrove Tuesday		0	0	0
14/02/2018	Valentines Day		0	0	0
15/02/2018			0	0	0
16/02/2018	Chinese New Year		0	0	0
17/02/2018			0	0	0
18/02/2018			0	0	0
19/02/2018		Spring Half-Term School Holiday	0	0	0
20/02/2018		Spring Half-Term School Holiday	0	0	0
21/02/2018		Spring Half-Term School Holiday	1	0	0
22/02/2018		Spring Half-Term School Holiday	1	0	0
23/02/2018		Spring Half-Term School Holiday	1	0	0
24/02/2018		Spring Half-Term School Holiday	0	0	1
25/02/2018		Spring Half-Term School Holiday	0	0	0
26/02/2018			1	0	0
27/02/2018			0	0	0
28/02/2018			0	0	0
01/03/2018	St Davids Day		0	0	0
02/03/2018			0	0	0
03/03/2018			0	0	0
04/03/2018			0	0	0
05/03/2018			0	0	0
06/03/2018			0	0	0
07/03/2018			0	0	0
08/03/2018			0	0	0
09/03/2018			0	0	0
10/03/2018			0	0	0
11/03/2018	Mothering Sunday		0	1	0
12/03/2018			0	0	0
13/03/2018			0	0	0
14/03/2018			0	0	0
15/03/2018			0	0	0
16/03/2018			0	0	0
17/03/2018	St Patricks Day		0	1	0
18/03/2018			0	0	0
19/03/2018			0	0	0
20/03/2018			0	0	0
21/03/2018			1	0	0
22/03/2018			1	0	0
23/03/2018			1	0	0
24/03/2018			0	0	0
25/03/2018			0	0	0
26/03/2018			1	0	0
27/03/2018			0	0	0
28/03/2018			0	0	0
29/03/2018			0	0	0
30/03/2018	Good Friday	Spring School Holiday	0	0	0
31/03/2018	Holy Saturday	Spring School Holiday	0	0	0
01/04/2018	Easter Sunday	Spring School Holiday	0	0	0
02/04/2018	Easter Monday	Spring School Holiday	0	0	0
03/04/2018		Spring School Holiday	0	0	0
04/04/2018		Spring School Holiday	0	0	0
05/04/2018		Spring School Holiday	0	0	0
06/04/2018		Spring School Holiday	0	0	0
07/04/2018		Spring School Holiday	0	0	0
08/04/2018		Spring School Holiday	0	0	0
09/04/2018		Spring School Holiday	0	0	0
10/04/2018		Spring School Holiday	0	0	0
11/04/2018		Spring School Holiday	0	0	0
12/04/2018		Spring School Holiday	0	0	0
13/04/2018		Spring School Holiday	0	0	0
14/04/2018		Spring School Holiday	0	0	0
15/04/2018		Spring School Holiday	0	0	0
16/04/2018			0	0	0
17/04/2018			0	0	0
18/04/2018			0	0	0
19/04/2018			0	0	0
20/04/2018			0	0	0
21/04/2018			0	0	0
22/04/2018			0	0	0
23/04/2018			1	0	0
24/04/2018			1	0	0
25/04/2018			1	0	0
26/04/2018			1	0	0
27/04/2018			0	0	0
28/04/2018			0	0	0
29/04/2018			0	0	0
30/04/2018			0	0	0
01/05/2018			0	0	0
02/05/2018			0	0	0
03/05/2018			0	0	0
04/05/2018			0	0	0
05/05/2018			0	0	0
06/05/2018			0	0	0
07/05/2018	Early May Bank Holiday		0	0	0
08/05/2018			0	0	0
09/05/2018			0	0	0
10/05/2018			0	0	0
11/05/2018			0	0	0
12/05/2018			0	0	0
13/05/2018			0	0	0
14/05/2018			0	0	0
15/05/2018			0	0	0
16/05/2018			0	0	0
17/05/2018			0	0	0
18/05/2018			0	0	0
19/05/2018	Royal Wedding 2018		0	0	0
20/05/2018			0	0	0
21/05/2018			1	0	0
22/05/2018			1	0	0
23/05/2018			1	0	0
24/05/2018			1	0	0
25/05/2018			1	0	0
26/05/2018			0	0	0
27/05/2018			0	0	0
28/05/2018	Spring Bank Holiday	Summer Half-Term School Holiday	0	0	0
29/05/2018		Summer Half-Term School Holiday	0	0	0
30/05/2018		Summer Half-Term School Holiday	0	0	0
31/05/2018		Summer Half-Term School Holiday	0	0	0
01/06/2018		Summer Half-Term School Holiday	0	0	0
02/06/2018		Summer Half-Term School Holiday	0	0	0
03/06/2018		Summer Half-Term School Holiday	0	0	0
04/06/2018			0	0	0
05/06/2018			0	0	0
06/06/2018			0	0	0
07/06/2018			0	0	0
08/06/2018			0	0	0
09/06/2018			0	0	0
10/06/2018			0	0	0
11/06/2018			0	0	0
12/06/2018			0	0	0
13/06/2018			0	0	0
14/06/2018	Eid Al-Fitr		0	0	0
15/06/2018			0	0	0
16/06/2018			0	0	0
17/06/2018	Father's Day		0	0	0
18/06/2018			0	0	0
19/06/2018			0	0	0
20/06/2018			0	0	0
21/06/2018			1	0	0
22/06/2018			1	0	0
23/06/2018			0	0	0
24/06/2018			0	0	0
25/06/2018			1	0	0
26/06/2018			1	0	0
27/06/2018			0	0	0
28/06/2018			0	0	0
29/06/2018			0	0	0
30/06/2018			0	0	0
01/07/2018			0	0	0
02/07/2018			0	0	0
03/07/2018			0	0	0
04/07/2018			0	0	0
05/07/2018			0	0	0
06/07/2018			0	0	0
07/07/2018			0	0	0
08/07/2018			0	0	0
09/07/2018			0	0	0
10/07/2018			0	0	0
11/07/2018			0	0	0
12/07/2018			0	0	0
13/07/2018			0	0	0
14/07/2018			0	0	0
15/07/2018			0	0	0
16/07/2018			0	0	0
17/07/2018			0	0	0
18/07/2018			0	0	0
19/07/2018			0	0	0
20/07/2018			0	0	0
21/07/2018			0	0	0
22/07/2018			0	0	0
23/07/2018			1	0	0
24/07/2018			1	0	0
25/07/2018		Summer School Holiday	1	0	0
26/07/2018		Summer School Holiday	1	0	0
27/07/2018		Summer School Holiday	0	0	0
28/07/2018		Summer School Holiday	0	0	0
29/07/2018		Summer School Holiday	0	0	0
30/07/2018		Summer School Holiday	0	0	0
31/07/2018		Summer School Holiday	0	0	0
01/08/2018		Summer School Holiday	0	0	0
02/08/2018		Summer School Holiday	0	0	0
03/08/2018		Summer School Holiday	0	0	0
04/08/2018		Summer School Holiday	0	0	0
05/08/2018		Summer School Holiday	0	0	0
06/08/2018		Summer School Holiday	0	0	0
07/08/2018		Summer School Holiday	0	0	0
08/08/2018		Summer School Holiday	0	0	0
09/08/2018		Summer School Holiday	0	0	0
10/08/2018		Summer School Holiday	0	0	0
11/08/2018		Summer School Holiday	0	0	0
12/08/2018		Summer School Holiday	0	0	0
13/08/2018		Summer School Holiday	0	0	0
14/08/2018		Summer School Holiday	0	0	0
15/08/2018		Summer School Holiday	0	0	0
16/08/2018		Summer School Holiday	0	0	0
17/08/2018		Summer School Holiday	0	0	0
18/08/2018		Summer School Holiday	0	0	0
19/08/2018		Summer School Holiday	0	0	0
20/08/2018		Summer School Holiday	0	0	0
21/08/2018	Eid Al-Adha 	Summer School Holiday	1	0	0
22/08/2018		Summer School Holiday	1	0	0
23/08/2018		Summer School Holiday	1	0	0
24/08/2018		Summer School Holiday	1	0	0
25/08/2018		Summer School Holiday	0	0	0
26/08/2018		Summer School Holiday	0	0	0
27/08/2018	August Bank Holiday	Summer School Holiday	0	0	0
28/08/2018		Summer School Holiday	0	0	0
29/08/2018		Summer School Holiday	0	0	0
30/08/2018		Summer School Holiday	0	0	0
31/08/2018		Summer School Holiday	0	0	0
01/09/2018		Summer School Holiday	0	0	0
02/09/2018		Summer School Holiday	0	0	0
03/09/2018			0	0	0
04/09/2018			0	0	0
05/09/2018			0	0	0
06/09/2018			0	0	0
07/09/2018			0	0	0
08/09/2018			0	0	0
09/09/2018			0	0	0
10/09/2018			0	0	0
11/09/2018			0	0	0
12/09/2018			0	0	0
13/09/2018			0	0	0
14/09/2018			0	0	0
15/09/2018			0	0	0
16/09/2018			0	0	0
17/09/2018			0	0	0
18/09/2018			0	0	0
19/09/2018			0	0	0
20/09/2018			0	0	0
21/09/2018			1	0	0
22/09/2018			0	0	0
23/09/2018			0	0	0
24/09/2018			1	0	0
25/09/2018			1	0	0
26/09/2018			1	0	0
27/09/2018			0	0	0
28/09/2018			0	0	0
29/09/2018			0	0	0
30/09/2018			0	0	0
01/10/2018			0	0	0
02/10/2018			0	0	0
03/10/2018			0	0	0
04/10/2018			0	0	0
05/10/2018			0	0	0
06/10/2018			0	0	0
07/10/2018			0	0	0
08/10/2018			0	0	0
09/10/2018			0	0	0
10/10/2018			0	0	0
11/10/2018			0	0	0
12/10/2018			0	0	0
13/10/2018			0	0	0
14/10/2018			0	0	0
15/10/2018			0	0	0
16/10/2018			0	0	0
17/10/2018			0	0	0
18/10/2018			0	0	0
19/10/2018			0	0	0
20/10/2018			0	0	0
21/10/2018			0	0	0
22/10/2018		Autumn Half-Term School Holiday	1	0	0
23/10/2018		Autumn Half-Term School Holiday	1	0	0
24/10/2018		Autumn Half-Term School Holiday	1	0	0
25/10/2018		Autumn Half-Term School Holiday	1	0	0
26/10/2018		Autumn Half-Term School Holiday	1	0	0
27/10/2018		Autumn Half-Term School Holiday	0	0	0
28/10/2018		Autumn Half-Term School Holiday	0	0	0
29/10/2018			0	0	0
30/10/2018			0	0	0
31/10/2018	Halloween Day		0	0	0
01/11/2018			0	0	0
02/11/2018			0	0	0
03/11/2018			0	0	0
04/11/2018			0	0	0
05/11/2018	Guy Fawkes Night		0	0	0
06/11/2018			0	0	0
07/11/2018			0	0	0
08/11/2018			0	0	0
09/11/2018			0	0	0
10/11/2018			0	0	0
11/11/2018	Remembrance Sunday		0	0	0
12/11/2018			0	0	0
13/11/2018			0	0	0
14/11/2018			0	0	0
15/11/2018			0	0	0
16/11/2018			0	0	0
17/11/2018			0	0	0
18/11/2018			0	0	0
19/11/2018			0	0	0
20/11/2018			0	0	0
21/11/2018			1	0	0
22/11/2018			1	0	0
23/11/2018	Black Friday		1	0	0
24/11/2018			0	0	0
25/11/2018			0	0	0
26/11/2018			1	0	0
27/11/2018			0	0	0
28/11/2018			0	0	0
29/11/2018			0	0	0
30/11/2018			0	0	0
01/12/2018			0	0	0
02/12/2018			0	0	0
03/12/2018			0	0	0
04/12/2018			0	0	0
05/12/2018			0	0	0
06/12/2018			0	0	0
07/12/2018			0	0	0
08/12/2018			0	0	0
09/12/2018			0	0	0
10/12/2018			0	0	0
11/12/2018			0	0	0
12/12/2018			0	0	0
13/12/2018			0	0	0
14/12/2018			0	0	0
15/12/2018			0	0	0
16/12/2018			0	0	0
17/12/2018		Winter School Holiday	0	0	0
18/12/2018		Winter School Holiday	0	0	0
19/12/2018		Winter School Holiday	0	0	0
20/12/2018		Winter School Holiday	0	0	0
21/12/2018		Winter School Holiday	1	0	0
22/12/2018		Winter School Holiday	0	0	0
23/12/2018		Winter School Holiday	0	0	0
24/12/2018		Winter School Holiday	1	0	0
25/12/2018	Christmas Day	Winter School Holiday	0	0	0
26/12/2018	Boxing Day	Winter School Holiday	0	0	0
27/12/2018		Winter School Holiday	0	0	0
28/12/2018		Winter School Holiday	0	0	0
29/12/2018		Winter School Holiday	0	0	0
30/12/2018		Winter School Holiday	0	0	0
31/12/2018		Winter School Holiday	0	0	0
01/01/2019	New Years Day	Winter School Holiday	0	0	0
02/01/2019		Winter School Holiday	0	0	0
03/01/2019		Winter School Holiday	0	0	0
04/01/2019		Winter School Holiday	0	0	0
05/01/2019		Winter School Holiday	0	0	0
06/01/2019			0	0	0
07/01/2019			0	0	0
08/01/2019			0	0	0
09/01/2019			0	0	0
10/01/2019			0	0	0
11/01/2019			0	0	0
12/01/2019			0	0	0
13/01/2019			0	0	0
14/01/2019			0	0	0
15/01/2019			0	0	0
16/01/2019			0	0	0
17/01/2019			0	0	0
18/01/2019			0	0	0
19/01/2019			0	0	0
20/01/2019			0	0	0
21/01/2019			0	0	0
22/01/2019			0	0	0
23/01/2019			0	0	0
24/01/2019			0	0	0
25/01/2019			0	0	0
26/01/2019			0	0	0
27/01/2019			0	0	0
28/01/2019			0	0	0
29/01/2019			0	0	0
30/01/2019			0	0	0
31/01/2019			0	0	0
01/02/2019			0	0	1
02/02/2019			0	0	0
03/02/2019			0	0	0
04/02/2019			0	0	0
05/02/2019	Chinese New Year		0	0	0
06/02/2019			0	0	0
07/02/2019			0	0	0
08/02/2019			0	0	0
09/02/2019			0	0	1
10/02/2019			0	0	0
11/02/2019			0	0	0
12/02/2019			0	0	0
13/02/2019			0	0	0
14/02/2019	Valentines Day		0	0	0
15/02/2019			0	0	0
16/02/2019			0	0	0
17/02/2019			0	0	0
18/02/2019			0	0	0
19/02/2019			0	0	0
20/02/2019			0	0	0
21/02/2019			0	0	0
22/02/2019			0	0	0
23/02/2019			0	1	0
24/02/2019			0	0	0
25/02/2019		Spring Half-Term School Holiday	0	0	0
26/02/2019		Spring Half-Term School Holiday	0	0	0
27/02/2019		Spring Half-Term School Holiday	0	0	0
28/02/2019		Spring Half-Term School Holiday	0	0	0